-- phpMyAdmin SQL Dump
-- version 4.5.1
-- http://www.phpmyadmin.net
--
-- Host: 127.0.0.1
-- Generation Time: Sep 15, 2019 at 03:44 PM
-- Server version: 10.1.19-MariaDB
-- PHP Version: 7.0.13

SET SQL_MODE = "NO_AUTO_VALUE_ON_ZERO";
SET time_zone = "+00:00";


/*!40101 SET @OLD_CHARACTER_SET_CLIENT=@@CHARACTER_SET_CLIENT */;
/*!40101 SET @OLD_CHARACTER_SET_RESULTS=@@CHARACTER_SET_RESULTS */;
/*!40101 SET @OLD_COLLATION_CONNECTION=@@COLLATION_CONNECTION */;
/*!40101 SET NAMES utf8mb4 */;

--
-- Database: `practice`
--

-- --------------------------------------------------------

--
-- Table structure for table `attendance`
--

CREATE TABLE `attendance` (
  `attendanceId` int(11) NOT NULL,
  `courseId` varchar(30) NOT NULL,
  `studentId` int(11) NOT NULL,
  `attendanceBy` int(11) NOT NULL,
  `date` date NOT NULL,
  `status` varchar(10) NOT NULL
) ENGINE=InnoDB DEFAULT CHARSET=latin1;

--
-- Dumping data for table `attendance`
--

INSERT INTO `attendance` (`attendanceId`, `courseId`, `studentId`, `attendanceBy`, `date`, `status`) VALUES
(37, 'IT-3101', 1927, 1, '2019-09-01', 'Present'),
(38, 'IT-3101', 1928, 1, '2019-09-01', 'Absent'),
(39, 'IT-3101', 1929, 1, '2019-09-01', 'Present'),
(40, 'IT-3101', 1930, 1, '2019-09-01', 'Present'),
(41, 'IT-3101', 1931, 1, '2019-09-01', 'Absent'),
(42, 'IT-3101', 1932, 1, '2019-09-01', 'Present'),
(43, 'IT-3101', 1933, 1, '2019-09-01', 'Present'),
(44, 'IT-3101', 1934, 1, '2019-09-01', 'Absent'),
(45, 'IT-3101', 1935, 1, '2019-09-01', 'Present'),
(46, 'IT-3101', 1936, 1, '2019-09-01', 'Present'),
(47, 'IT-3101', 1937, 1, '2019-09-01', 'Present'),
(48, 'IT-3101', 1938, 1, '2019-09-01', 'Absent'),
(49, 'IT-3101', 1939, 1, '2019-09-01', 'Present'),
(50, 'IT-3101', 1940, 1, '2019-09-01', 'Present'),
(51, 'IT-3101', 1941, 1, '2019-09-01', 'Present'),
(52, 'IT-3101', 1942, 1, '2019-09-01', 'Present'),
(53, 'IT-3101', 1943, 1, '2019-09-01', 'Present'),
(54, 'IT-3101', 1944, 1, '2019-09-01', 'Present'),
(55, 'IT-3101', 1945, 1, '2019-09-01', 'Present'),
(56, 'IT-3101', 1946, 1, '2019-09-01', 'Absent'),
(57, 'IT-3101', 1947, 1, '2019-09-01', 'Present'),
(58, 'IT-3101', 1948, 1, '2019-09-01', 'Present'),
(59, 'IT-3101', 1949, 1, '2019-09-01', 'Present'),
(60, 'IT-3101', 1950, 1, '2019-09-01', 'Present'),
(61, 'IT-3101', 1951, 1, '2019-09-01', 'Present'),
(62, 'IT-3101', 1952, 1, '2019-09-01', 'Present'),
(63, 'IT-3101', 1953, 1, '2019-09-01', 'Present'),
(64, 'IT-3101', 1954, 1, '2019-09-01', 'Absent'),
(65, 'IT-3101', 1955, 1, '2019-09-01', 'Present'),
(66, 'IT-3101', 1956, 1, '2019-09-01', 'Absent'),
(67, 'IT-3101', 1927, 1, '2019-09-02', 'Present'),
(68, 'IT-3101', 1928, 1, '2019-09-02', 'Absent'),
(69, 'IT-3101', 1929, 1, '2019-09-02', 'Absent'),
(70, 'IT-3101', 1930, 1, '2019-09-02', 'Absent'),
(71, 'IT-3101', 1931, 1, '2019-09-02', 'Present'),
(72, 'IT-3101', 1932, 1, '2019-09-02', 'Present'),
(73, 'IT-3101', 1933, 1, '2019-09-02', 'Present'),
(74, 'IT-3101', 1934, 1, '2019-09-02', 'Absent'),
(75, 'IT-3101', 1935, 1, '2019-09-02', 'Present'),
(76, 'IT-3101', 1936, 1, '2019-09-02', 'Present'),
(77, 'IT-3101', 1937, 1, '2019-09-02', 'Present'),
(78, 'IT-3101', 1938, 1, '2019-09-02', 'Present'),
(79, 'IT-3101', 1939, 1, '2019-09-02', 'Absent'),
(80, 'IT-3101', 1940, 1, '2019-09-02', 'Absent'),
(81, 'IT-3101', 1941, 1, '2019-09-02', 'Present'),
(82, 'IT-3101', 1942, 1, '2019-09-02', 'Present'),
(83, 'IT-3101', 1943, 1, '2019-09-02', 'Present'),
(84, 'IT-3101', 1944, 1, '2019-09-02', 'Present'),
(85, 'IT-3101', 1945, 1, '2019-09-02', 'Absent'),
(86, 'IT-3101', 1946, 1, '2019-09-02', 'Absent'),
(87, 'IT-3101', 1947, 1, '2019-09-02', 'Present'),
(88, 'IT-3101', 1948, 1, '2019-09-02', 'Present'),
(89, 'IT-3101', 1949, 1, '2019-09-02', 'Present'),
(90, 'IT-3101', 1950, 1, '2019-09-02', 'Present'),
(91, 'IT-3101', 1951, 1, '2019-09-02', 'Present'),
(92, 'IT-3101', 1952, 1, '2019-09-02', 'Present'),
(93, 'IT-3101', 1953, 1, '2019-09-02', 'Present'),
(94, 'IT-3101', 1954, 1, '2019-09-02', 'Present'),
(95, 'IT-3101', 1955, 1, '2019-09-02', 'Present'),
(96, 'IT-3101', 1956, 1, '2019-09-02', 'Present'),
(97, 'IT-3101', 1927, 1, '2019-09-03', 'Present'),
(98, 'IT-3101', 1928, 1, '2019-09-03', 'Present'),
(99, 'IT-3101', 1929, 1, '2019-09-03', 'Present'),
(100, 'IT-3101', 1930, 1, '2019-09-03', 'Absent'),
(101, 'IT-3101', 1931, 1, '2019-09-03', 'Absent'),
(102, 'IT-3101', 1932, 1, '2019-09-03', 'Absent'),
(103, 'IT-3101', 1933, 1, '2019-09-03', 'Present'),
(104, 'IT-3101', 1934, 1, '2019-09-03', 'Present'),
(105, 'IT-3101', 1935, 1, '2019-09-03', 'Present'),
(106, 'IT-3101', 1936, 1, '2019-09-03', 'Present'),
(107, 'IT-3101', 1937, 1, '2019-09-03', 'Present'),
(108, 'IT-3101', 1938, 1, '2019-09-03', 'Present'),
(109, 'IT-3101', 1939, 1, '2019-09-03', 'Present'),
(110, 'IT-3101', 1940, 1, '2019-09-03', 'Present'),
(111, 'IT-3101', 1941, 1, '2019-09-03', 'Present'),
(112, 'IT-3101', 1942, 1, '2019-09-03', 'Present'),
(113, 'IT-3101', 1943, 1, '2019-09-03', 'Present'),
(114, 'IT-3101', 1944, 1, '2019-09-03', 'Present'),
(115, 'IT-3101', 1945, 1, '2019-09-03', 'Present'),
(116, 'IT-3101', 1946, 1, '2019-09-03', 'Present'),
(117, 'IT-3101', 1947, 1, '2019-09-03', 'Present'),
(118, 'IT-3101', 1948, 1, '2019-09-03', 'Absent'),
(119, 'IT-3101', 1949, 1, '2019-09-03', 'Absent'),
(120, 'IT-3101', 1950, 1, '2019-09-03', 'Present'),
(121, 'IT-3101', 1951, 1, '2019-09-03', 'Present'),
(122, 'IT-3101', 1952, 1, '2019-09-03', 'Present'),
(123, 'IT-3101', 1953, 1, '2019-09-03', 'Present'),
(124, 'IT-3101', 1954, 1, '2019-09-03', 'Present'),
(125, 'IT-3101', 1955, 1, '2019-09-03', 'Present'),
(126, 'IT-3101', 1956, 1, '2019-09-03', 'Present'),
(127, 'IT-3101', 1927, 1, '2019-09-08', 'Present'),
(128, 'IT-3101', 1928, 1, '2019-09-08', 'Absent'),
(129, 'IT-3101', 1929, 1, '2019-09-08', 'Present'),
(130, 'IT-3101', 1930, 1, '2019-09-08', 'Absent'),
(131, 'IT-3101', 1931, 1, '2019-09-08', 'Present'),
(132, 'IT-3101', 1932, 1, '2019-09-08', 'Absent'),
(133, 'IT-3101', 1933, 1, '2019-09-08', 'Present'),
(134, 'IT-3101', 1934, 1, '2019-09-08', 'Absent'),
(135, 'IT-3101', 1935, 1, '2019-09-08', 'Present'),
(136, 'IT-3101', 1936, 1, '2019-09-08', 'Present'),
(137, 'IT-3101', 1937, 1, '2019-09-08', 'Absent'),
(138, 'IT-3101', 1938, 1, '2019-09-08', 'Absent'),
(139, 'IT-3101', 1939, 1, '2019-09-08', 'Present'),
(140, 'IT-3101', 1940, 1, '2019-09-08', 'Present'),
(141, 'IT-3101', 1941, 1, '2019-09-08', 'Present'),
(142, 'IT-3101', 1942, 1, '2019-09-08', 'Present'),
(143, 'IT-3101', 1943, 1, '2019-09-08', 'Absent'),
(144, 'IT-3101', 1944, 1, '2019-09-08', 'Present'),
(145, 'IT-3101', 1945, 1, '2019-09-08', 'Present'),
(146, 'IT-3101', 1946, 1, '2019-09-08', 'Present'),
(147, 'IT-3101', 1947, 1, '2019-09-08', 'Present'),
(148, 'IT-3101', 1948, 1, '2019-09-08', 'Present'),
(149, 'IT-3101', 1949, 1, '2019-09-08', 'Present'),
(150, 'IT-3101', 1950, 1, '2019-09-08', 'Present'),
(151, 'IT-3101', 1951, 1, '2019-09-08', 'Present'),
(152, 'IT-3101', 1952, 1, '2019-09-08', 'Present'),
(153, 'IT-3101', 1953, 1, '2019-09-08', 'Present'),
(154, 'IT-3101', 1954, 1, '2019-09-08', 'Present'),
(155, 'IT-3101', 1955, 1, '2019-09-08', 'Present'),
(156, 'IT-3101', 1956, 1, '2019-09-08', 'Present'),
(157, 'IT-3101', 1927, 1, '2019-09-09', 'Present'),
(158, 'IT-3101', 1928, 1, '2019-09-09', 'Present'),
(159, 'IT-3101', 1929, 1, '2019-09-09', 'Absent'),
(160, 'IT-3101', 1930, 1, '2019-09-09', 'Absent'),
(161, 'IT-3101', 1931, 1, '2019-09-09', 'Absent'),
(162, 'IT-3101', 1932, 1, '2019-09-09', 'Present'),
(163, 'IT-3101', 1933, 1, '2019-09-09', 'Present'),
(164, 'IT-3101', 1934, 1, '2019-09-09', 'Present'),
(165, 'IT-3101', 1935, 1, '2019-09-09', 'Present'),
(166, 'IT-3101', 1936, 1, '2019-09-09', 'Present'),
(167, 'IT-3101', 1937, 1, '2019-09-09', 'Present'),
(168, 'IT-3101', 1938, 1, '2019-09-09', 'Present'),
(169, 'IT-3101', 1939, 1, '2019-09-09', 'Present'),
(170, 'IT-3101', 1940, 1, '2019-09-09', 'Present'),
(171, 'IT-3101', 1941, 1, '2019-09-09', 'Present'),
(172, 'IT-3101', 1942, 1, '2019-09-09', 'Present'),
(173, 'IT-3101', 1943, 1, '2019-09-09', 'Present'),
(174, 'IT-3101', 1944, 1, '2019-09-09', 'Present'),
(175, 'IT-3101', 1945, 1, '2019-09-09', 'Present'),
(176, 'IT-3101', 1946, 1, '2019-09-09', 'Present'),
(177, 'IT-3101', 1947, 1, '2019-09-09', 'Present'),
(178, 'IT-3101', 1948, 1, '2019-09-09', 'Present'),
(179, 'IT-3101', 1949, 1, '2019-09-09', 'Present'),
(180, 'IT-3101', 1950, 1, '2019-09-09', 'Present'),
(181, 'IT-3101', 1951, 1, '2019-09-09', 'Present'),
(182, 'IT-3101', 1952, 1, '2019-09-09', 'Present'),
(183, 'IT-3101', 1953, 1, '2019-09-09', 'Absent'),
(184, 'IT-3101', 1954, 1, '2019-09-09', 'Absent'),
(185, 'IT-3101', 1955, 1, '2019-09-09', 'Absent'),
(186, 'IT-3101', 1956, 1, '2019-09-09', 'Present'),
(187, 'IT-3101', 1927, 1, '2019-09-11', 'Present'),
(188, 'IT-3101', 1928, 1, '2019-09-11', 'Absent'),
(189, 'IT-3101', 1929, 1, '2019-09-11', 'Absent'),
(190, 'IT-3101', 1930, 1, '2019-09-11', 'Absent'),
(191, 'IT-3101', 1931, 1, '2019-09-11', 'Present'),
(192, 'IT-3101', 1932, 1, '2019-09-11', 'Present'),
(193, 'IT-3101', 1933, 1, '2019-09-11', 'Present'),
(194, 'IT-3101', 1934, 1, '2019-09-11', 'Present'),
(195, 'IT-3101', 1935, 1, '2019-09-11', 'Present'),
(196, 'IT-3101', 1936, 1, '2019-09-11', 'Present'),
(197, 'IT-3101', 1937, 1, '2019-09-11', 'Present'),
(198, 'IT-3101', 1938, 1, '2019-09-11', 'Present'),
(199, 'IT-3101', 1939, 1, '2019-09-11', 'Present'),
(200, 'IT-3101', 1940, 1, '2019-09-11', 'Present'),
(201, 'IT-3101', 1941, 1, '2019-09-11', 'Present'),
(202, 'IT-3101', 1942, 1, '2019-09-11', 'Present'),
(203, 'IT-3101', 1943, 1, '2019-09-11', 'Present'),
(204, 'IT-3101', 1944, 1, '2019-09-11', 'Present'),
(205, 'IT-3101', 1945, 1, '2019-09-11', 'Absent'),
(206, 'IT-3101', 1946, 1, '2019-09-11', 'Present'),
(207, 'IT-3101', 1947, 1, '2019-09-11', 'Present'),
(208, 'IT-3101', 1948, 1, '2019-09-11', 'Absent'),
(209, 'IT-3101', 1949, 1, '2019-09-11', 'Absent'),
(210, 'IT-3101', 1950, 1, '2019-09-11', 'Present'),
(211, 'IT-3101', 1951, 1, '2019-09-11', 'Present'),
(212, 'IT-3101', 1952, 1, '2019-09-11', 'Present'),
(213, 'IT-3101', 1953, 1, '2019-09-11', 'Absent'),
(214, 'IT-3101', 1954, 1, '2019-09-11', 'Present'),
(215, 'IT-3101', 1955, 1, '2019-09-11', 'Present'),
(216, 'IT-3101', 1956, 1, '2019-09-11', 'Present'),
(217, 'IT-3101', 1927, 1, '2019-09-10', 'Present'),
(218, 'IT-3101', 1928, 1, '2019-09-10', 'Present'),
(219, 'IT-3101', 1929, 1, '2019-09-10', 'Absent'),
(220, 'IT-3101', 1930, 1, '2019-09-10', 'Present'),
(221, 'IT-3101', 1931, 1, '2019-09-10', 'Absent'),
(222, 'IT-3101', 1932, 1, '2019-09-10', 'Present'),
(223, 'IT-3101', 1933, 1, '2019-09-10', 'Absent'),
(224, 'IT-3101', 1934, 1, '2019-09-10', 'Present'),
(225, 'IT-3101', 1935, 1, '2019-09-10', 'Present'),
(226, 'IT-3101', 1936, 1, '2019-09-10', 'Present'),
(227, 'IT-3101', 1937, 1, '2019-09-10', 'Present'),
(228, 'IT-3101', 1938, 1, '2019-09-10', 'Present'),
(229, 'IT-3101', 1939, 1, '2019-09-10', 'Present'),
(230, 'IT-3101', 1940, 1, '2019-09-10', 'Present'),
(231, 'IT-3101', 1941, 1, '2019-09-10', 'Present'),
(232, 'IT-3101', 1942, 1, '2019-09-10', 'Present'),
(233, 'IT-3101', 1943, 1, '2019-09-10', 'Present'),
(234, 'IT-3101', 1944, 1, '2019-09-10', 'Present'),
(235, 'IT-3101', 1945, 1, '2019-09-10', 'Present'),
(236, 'IT-3101', 1946, 1, '2019-09-10', 'Present'),
(237, 'IT-3101', 1947, 1, '2019-09-10', 'Present'),
(238, 'IT-3101', 1948, 1, '2019-09-10', 'Present'),
(239, 'IT-3101', 1949, 1, '2019-09-10', 'Present'),
(240, 'IT-3101', 1950, 1, '2019-09-10', 'Present'),
(241, 'IT-3101', 1951, 1, '2019-09-10', 'Present'),
(242, 'IT-3101', 1952, 1, '2019-09-10', 'Present'),
(243, 'IT-3101', 1953, 1, '2019-09-10', 'Present'),
(244, 'IT-3101', 1954, 1, '2019-09-10', 'Present'),
(245, 'IT-3101', 1955, 1, '2019-09-10', 'Present'),
(246, 'IT-3101', 1956, 1, '2019-09-10', 'Present'),
(247, 'IT-3101', 1927, 1, '2019-09-20', 'Present'),
(248, 'IT-3101', 1928, 1, '2019-09-20', 'Present'),
(249, 'IT-3101', 1929, 1, '2019-09-20', 'Present'),
(250, 'IT-3101', 1930, 1, '2019-09-20', 'Absent'),
(251, 'IT-3101', 1931, 1, '2019-09-20', 'Absent'),
(252, 'IT-3101', 1932, 1, '2019-09-20', 'Present'),
(253, 'IT-3101', 1933, 1, '2019-09-20', 'Present'),
(254, 'IT-3101', 1934, 1, '2019-09-20', 'Present'),
(255, 'IT-3101', 1935, 1, '2019-09-20', 'Present'),
(256, 'IT-3101', 1936, 1, '2019-09-20', 'Present'),
(257, 'IT-3101', 1937, 1, '2019-09-20', 'Present'),
(258, 'IT-3101', 1938, 1, '2019-09-20', 'Present'),
(259, 'IT-3101', 1939, 1, '2019-09-20', 'Present'),
(260, 'IT-3101', 1940, 1, '2019-09-20', 'Present'),
(261, 'IT-3101', 1941, 1, '2019-09-20', 'Present'),
(262, 'IT-3101', 1942, 1, '2019-09-20', 'Present'),
(263, 'IT-3101', 1943, 1, '2019-09-20', 'Present'),
(264, 'IT-3101', 1944, 1, '2019-09-20', 'Present'),
(265, 'IT-3101', 1945, 1, '2019-09-20', 'Present'),
(266, 'IT-3101', 1946, 1, '2019-09-20', 'Present'),
(267, 'IT-3101', 1947, 1, '2019-09-20', 'Present'),
(268, 'IT-3101', 1948, 1, '2019-09-20', 'Present'),
(269, 'IT-3101', 1949, 1, '2019-09-20', 'Present'),
(270, 'IT-3101', 1950, 1, '2019-09-20', 'Present'),
(271, 'IT-3101', 1951, 1, '2019-09-20', 'Present'),
(272, 'IT-3101', 1952, 1, '2019-09-20', 'Present'),
(273, 'IT-3101', 1953, 1, '2019-09-20', 'Present'),
(274, 'IT-3101', 1954, 1, '2019-09-20', 'Present'),
(275, 'IT-3101', 1955, 1, '2019-09-20', 'Present'),
(276, 'IT-3101', 1956, 1, '2019-09-20', 'Present');

-- --------------------------------------------------------

--
-- Table structure for table `course`
--

CREATE TABLE `course` (
  `course_id` varchar(50) NOT NULL,
  `course_name` varchar(100) NOT NULL,
  `semester` varchar(100) NOT NULL
) ENGINE=InnoDB DEFAULT CHARSET=latin1;

--
-- Dumping data for table `course`
--

INSERT INTO `course` (`course_id`, `course_name`, `semester`) VALUES
('IT-3101', 'Simulation', '5th'),
('IT-3103', 'Oparating System', '5th'),
('IT-4101', 'Artificial Inteligence', '7th'),
('IT-4103', 'Mobile App', '7th');

-- --------------------------------------------------------

--
-- Table structure for table `student`
--

CREATE TABLE `student` (
  `student_id` int(50) NOT NULL,
  `student_name` varchar(100) NOT NULL,
  `semester` varchar(100) NOT NULL,
  `session` varchar(100) NOT NULL
) ENGINE=InnoDB DEFAULT CHARSET=latin1;

--
-- Dumping data for table `student`
--

INSERT INTO `student` (`student_id`, `student_name`, `semester`, `session`) VALUES
(1927, 'kaniz', '7th', '2015-16'),
(1928, 'jinia', '7th', '2015-16'),
(1929, 'labony', '7th', '2015-16'),
(1930, 'atika', '7th', '2015-16'),
(1931, 'Humayra', '7th', '2015-16'),
(1932, 'Mim', '7th', '2015-16'),
(1933, 'Sahara', '7th', '2015-16'),
(1934, 'Shapla', '7th', '2015-16'),
(1935, 'Sadia', '7th', '2015-16'),
(1936, 'Sifat', '7th', '2015-16'),
(1937, 'Rafi', '7th', '2015-16'),
(1938, 'Laboni', '7th', '2015-16'),
(1939, 'Moumitu', '7th', '2015-16'),
(1940, 'Rimpa', '7th', '2015-16'),
(1941, 'Laila', '7th', '2015-16'),
(1942, 'Raima', '7th', '2015-16'),
(1943, 'Tasnuva', '7th', '2015-16'),
(1944, 'Noshin', '7th', '2015-16'),
(1945, 'Nishat', '7th', '2015-16'),
(1946, 'Samiha', '7th', '2015-16'),
(1947, 'Tonni', '7th', '2015-16'),
(1948, 'Nusaiba', '7th', '2015-16'),
(1949, 'Nahid', '7th', '2015-16'),
(1950, 'Nidhir', '7th', '2015-16'),
(1951, 'Hasib', '7th', '2015-16'),
(1952, 'Iqbal', '7th', '2015-16'),
(1953, 'Rakib', '7th', '2015-16'),
(1954, 'Sohel Rana', '7th', '2015-16'),
(1955, 'Nirzhar', '7th', '2015-16'),
(1956, 'Orpon', '7th', '2015-16'),
(2001, 'luna', '5th', '2016-17'),
(2002, 'rina', '5th', '2016-17'),
(2003, 'dina', '5th', '2016-17'),
(2004, 'silvi', '5th', '2016-17'),
(2005, 'risha', '5th', '2016-17');

-- --------------------------------------------------------

--
-- Table structure for table `user_table`
--

CREATE TABLE `user_table` (
  `id` int(11) NOT NULL,
  `email` varchar(100) NOT NULL,
  `password` varchar(100) NOT NULL,
  `age` int(100) NOT NULL,
  `fullname` varchar(100) NOT NULL,
  `created` date NOT NULL
) ENGINE=InnoDB DEFAULT CHARSET=latin1;

--
-- Dumping data for table `user_table`
--

INSERT INTO `user_table` (`id`, `email`, `password`, `age`, `fullname`, `created`) VALUES
(1, 'ziniatonni254@gmail.com', '1234', 20, 'Zinia Anzum Tonni', '2019-07-30'),
(2, 'humu@gmail.com', '12345', 22, 'Humayra Binte Arfan', '2019-07-30'),
(4, 'shayokh_2055r@yahoo.com', '12345', 30, 'Shayokh', '2019-07-31'),
(5, 'sifat@gmail.com', '3456', 22, 'Sifat E Jahan', '0000-00-00'),
(7, 'ziniatonni24@gmail.com', 'jikijiki', -5, 'Zinia Anzum Tonni', '2019-07-31'),
(8, 'masuda@gmail.com', '1234', 40, 'Masuda', '2019-08-02'),
(9, 'masuda1234@gmail.com', '345', 45, 'Masuda', '2019-08-02'),
(10, 'sd@gmail.com', '2345', 23, 'asdf', '2019-08-02');

--
-- Indexes for dumped tables
--

--
-- Indexes for table `attendance`
--
ALTER TABLE `attendance`
  ADD PRIMARY KEY (`attendanceId`);

--
-- Indexes for table `course`
--
ALTER TABLE `course`
  ADD PRIMARY KEY (`course_id`);

--
-- Indexes for table `student`
--
ALTER TABLE `student`
  ADD PRIMARY KEY (`student_id`);

--
-- Indexes for table `user_table`
--
ALTER TABLE `user_table`
  ADD PRIMARY KEY (`id`);

--
-- AUTO_INCREMENT for dumped tables
--

--
-- AUTO_INCREMENT for table `attendance`
--
ALTER TABLE `attendance`
  MODIFY `attendanceId` int(11) NOT NULL AUTO_INCREMENT, AUTO_INCREMENT=277;
--
-- AUTO_INCREMENT for table `user_table`
--
ALTER TABLE `user_table`
  MODIFY `id` int(11) NOT NULL AUTO_INCREMENT, AUTO_INCREMENT=11;
/*!40101 SET CHARACTER_SET_CLIENT=@OLD_CHARACTER_SET_CLIENT */;
/*!40101 SET CHARACTER_SET_RESULTS=@OLD_CHARACTER_SET_RESULTS */;
/*!40101 SET COLLATION_CONNECTION=@OLD_COLLATION_CONNECTION */;
